id,app,category,description,auth,access,access_detail,surface,verdict,blocker,workflow,next_action,success_criterion,alternative_action,note,sources,mcp_kind,mcp_scope,mcp_url
1,Salesforce,CRM & Sales,Enterprise customer and sales records,OAuth2,Sandbox,Free Developer Edition; API Enabled permission required. Production edition entitlement is separate.,REST; broad CRM objects and queries,Build,Production entitlement,Read CRM accounts in a developer org,"Create a Salesforce developer org, authorize a scoped client, and query a small Account sample before requesting access to customer production data.",Return Account identifiers and selected fields; prove the client cannot access unrelated objects.,Confirm production API entitlement separately from developer-org access.,Prototype in a developer org; confirm customer API entitlement before rollout.,https://developer.salesforce.com/docs/platform/api-rest/guide/quickstart-dev-org.html; https://developer.salesforce.com/docs/platform/hosted-mcp-servers/guide/postman.html,Official,Hosted Salesforce resource servers; org/client setup required,https://developer.salesforce.com/docs/platform/hosted-mcp-servers/guide/postman.html
2,HubSpot,CRM & Sales,"CRM, marketing and sales automation",OAuth2; Token,Sandbox,Free developer/test account; private app token for owned accounts; public apps use OAuth.,"REST; CRM, contacts and marketing",Build,None,Read a test contact,Use a HubSpot developer test account and a private-app token to read a seeded contact; design OAuth separately for customer installations.,Return the seeded contact and its chosen properties; demonstrate a denied ungranted scope.,"For a multi-customer product, validate OAuth installation and app-review requirements instead of sharing private tokens.",Legacy API-key guidance is stale; use private app tokens or OAuth.,https://developers.hubspot.com/blog/harnessing-the-power-of-hubspots-public-apis-with-postman,Official,HubSpot user-level app scopes,https://developers.hubspot.com/ai-tools/mcp
3,Pipedrive,CRM & Sales,Sales pipelines and deal tracking,OAuth2; API key,Trial,API token included with every plan; developer sandbox path documented.,"REST; broad deals, people, activities and webhooks",Build,None,List deals in a trial account,"Seed two Pipedrive deals in a trial, list them with a personal token, then document the OAuth scopes required for a distributed app.",Retrieve the seeded deals and correctly follow pagination without exposing other users' tokens.,Compare the official MCP deal tools with the required custom fields before building a REST wrapper.,Use OAuth for distributed apps; a personal token inherits the user's access.,https://www.pipedrive.com/en/features/crm-api; https://developers.pipedrive.com/docs/api/v1; https://pipedrive.readme.io/docs/core-api-concepts-authentication,Official,Native CRM workflows,https://www.pipedrive.com/en/features/mcp-server
4,Attio,CRM & Sales,Flexible relationship and pipeline CRM,OAuth2; Token,Free,API access available on all plans; an active workspace is required.,"REST; records, lists, tasks and notes",Build,None,Find a company record,Connect Attio's official MCP to a test workspace and check whether company lookup and required attributes are exposed.,Find one seeded company and return the requested attributes with its record ID.,Use the REST records API when the MCP omits a needed custom attribute; verify field-level permissions.,Official MCP offers a faster start; validate whether its tools cover the intended workflow.,https://attio.com/platform/developers; https://attio.com/help/reference/workspace-settings-billing/attio-plans-and-features; https://attio.com/apps/mcp,Official,Workspace records and CRM workflows,https://attio.com/apps/mcp
5,Twenty,CRM & Sales,Open-source customizable CRM,API key,Local,Self-hosting path; hosted plan is a separate purchase decision.,REST + GraphQL; generated CRM object APIs,Build,Runtime,Query a local CRM object,"Run a local Twenty workspace, create a test object, and compare its generated REST and GraphQL representations.",Read the same seeded object through the selected interface and document its schema.,Wrap the local API; do not introduce browser-session dependencies where a generated API exists.,Self-hosted credentials require an installed workspace; do not infer OAuth from website navigation.,https://github.com/twentyhq/twenty/issues/10283; https://twentyhq-twenty.mintlify.app/,,,
6,Podio,CRM & Sales,Configurable work and relationship apps,OAuth2,Free,API documented for both free and paid Podio accounts; register a client.,"REST; items, apps, workspaces and tasks",Build,None,Read an item in a test workspace,Create a Podio app with a test item and use app authentication or OAuth to retrieve its fields.,Return the test item with stable field identifiers and the intended workspace scope.,Validate the app-auth path for a single app before selecting broader user OAuth.,Prefer authorization code or app auth; avoid collecting users' passwords.,https://developers.podio.com/authentication; https://developers.podio.com/index/faq,,,
7,Zoho CRM,CRM & Sales,Customer and sales management,OAuth2,Account check,Developer console registration and CRM organization required; edition limits apply; free eligibility not settled here.,"REST; CRM modules, records and automation",Conditional,Plan check,Read a CRM module in the correct region,"Confirm the Zoho CRM edition's API allowance, then authorize the correct regional organization and read a test module record.","Record the region, organization, allowed API credits and one successful scoped read.","If entitlement is unclear, ask support about the exact edition and module; a web-session capture is not proof of API entitlement.","Tokens are organization, environment and region specific; verify edition credits before launch.",https://www.zoho.com/crm/developer/docs/api/v8/auth-request.html; https://www.zoho.com/crm/developer/docs/api/v8/api-limits.html,,,
8,Close,CRM & Sales,Sales CRM with calling and outreach,OAuth2; API key; Basic,Account check,Generate keys in account settings or create an OAuth app; trial entitlement not independently established.,"REST; leads, contacts and sales activity",Conditional,Plan check,Retrieve a lead and its contacts,"Confirm whether Close trial accounts include the API, then use a test key to retrieve a lead with associated contacts.",Record the trial entitlement source and retrieve the seeded lead using the documented Basic-key format.,"For an existing authorized tenant, inspect lead-detail reads to map missing UI fields; prefer the documented API when it covers them.",API key is the Basic username with an empty password; OAuth is preferred for public apps.,https://developer.close.com/integrations; https://developer.close.com/api/overview/api-key-authentication,Official,"Read, safe-write and destructive-write scope groups",https://developer.close.com/mcp
9,Copper,CRM & Sales,Relationship CRM for Google Workspace teams,OAuth2; API key,Trial,"API available on trial, Professional and Business plans.","REST; CRM people, companies, opportunities and activity",Build,Subscription,Read an opportunity in a trial,Create a Copper trial opportunity and read it using the required API token and user-email context.,"Return the opportunity ID and stage, and document which user's permissions apply.",Request partner OAuth details only when customer distribution is required; a trial key is a separate development route.,Keys require both token and user email; partner OAuth is a separate path.,https://developer.copper.com/introduction/authentication.html; https://support.copper.com/en/articles/8823462-api-docs-and-tips,,,
10,DealCloud,CRM & Sales,Deal and relationship management for financial firms,OAuth2; API key,Admin / paid,Customer tenant and API-enabled user group; admin or customer-success help if missing.,"REST; data, schema, users, publications and backups",Conditional,Admin,Inspect a DealCloud entity schema,"Ask an authorized DealCloud administrator for a test instance and the client-credentials setup, then read one entity schema.",Obtain a test token and return schema metadata for the approved entity.,"If direct test access is unavailable, request a sanitized schema export and documented token flow from the vendor.",API key is exchanged through client-credentials OAuth; it is not simply a static bearer key.,https://api.docs.dealcloud.com/docs/token; https://api.docs.dealcloud.com/docs/apikeys; https://api.docs.dealcloud.com/docs,,,
11,Zendesk,Support & Helpdesk,Customer service tickets and knowledge base,OAuth2,Admin / paid,Admin configures OAuth client; distributed integrations require a global OAuth client.,"REST; tickets, users, help center and voice",Conditional,Admin,Read a Zendesk test ticket using OAuth,Configure OAuth for a test Zendesk account and read a seeded ticket; avoid new integration instructions that require deprecated API tokens.,Retrieve the ticket and document granted scopes plus the account's OAuth setup permissions.,"For an older customer installation, inventory token dependencies and create an OAuth migration checklist.","API tokens are deprecated and unavailable for new accounts from July 28, 2026; migrate to OAuth.",https://developer.zendesk.com/api-reference/introduction/security-and-auth/; https://developer.zendesk.com/documentation/authentication/oauth-migration/,,,
12,Intercom,Support & Helpdesk,Customer conversations and AI support,OAuth2; Token,Sandbox,Development workspace supplies a token; production features and public-app review are separate.,"REST; contacts, conversations, teams and help content",Build,None,Retrieve a development conversation,"Use an Intercom development workspace to read a test conversation, noting any production-only functionality it omits.",Return conversation and contact identifiers; list unavailable development-workspace features.,Compare the official MCP conversation tools with the required read fields before adding REST tools.,Public apps require OAuth; development workspaces have reduced functionality.,https://developers.intercom.com/docs/build-an-integration/getting-started; https://developers.intercom.com/docs/build-an-integration/learn-more/authentication/setting-up-oauth,Official,US-hosted workspaces only per checked docs,https://developers.intercom.com/docs/guides/mcp
13,Freshdesk,Support & Helpdesk,Ticket-based customer support,API key; Basic,Trial,Trial API limit explicitly documented at 50 calls/minute.,"REST; tickets, contacts, companies and knowledge base",Build,None,Read one trial support ticket,"Use an authorized Freshdesk trial, seed a ticket, and read it with API-key Basic authentication while recording rate-limit headers.",Return the seeded ticket and confirm the applicable trial rate limit from the account response or current docs.,"If the UI exposes a needed field missing from the public ticket schema, capture that specific authorized read and assess session dependence.",API key is sent through HTTP Basic; apply plan-specific throttling.,https://developers.freshdesk.com/api/,,,
14,Front,Support & Helpdesk,Shared inbox and customer operations,OAuth2; Token,Admin / paid,Company-level token needs admin privileges; public integrations use OAuth; free access not established.,"REST; conversations, inboxes, contacts and messages",Conditional,Admin,Read an inbox conversation,Obtain Front administrator approval and compare its official MCP beta with a scoped conversation read in a test inbox.,Return the selected conversation without access to unapproved inboxes; record beta limitations.,Use Front's REST conversation endpoint family if the beta MCP lacks required inbox or message fields.,New official MCP beta supersedes older third-party claims that no native server exists.,https://dev.frontapp.com/docs/create-and-revoke-api-tokens; https://dev.frontapp.com/docs/core-api-getting-started; https://dev.frontapp.com/reference/introduction,Official beta,Inbox workflows; workspace admin/private app path,https://help.front.com/en/articles/4883136
15,Pylon,Support & Helpdesk,B2B support across chat and ticket channels,Token,Admin / paid,Only admins can create API tokens; an existing workspace is required.,"REST; issues, accounts, contacts and knowledge base",Conditional,Admin,Read an issue and its account,Ask a Pylon administrator for scoped test credentials and retrieve one seeded issue with its account relationship.,Return the issue/account identifiers and record the quota for the chosen operation.,Inspect the authorized issue-detail UI only to identify fields absent from the public issue schema.,Use a scoped operational workflow; quotas differ by endpoint.,https://docs.usepylon.com/pylon-docs/developer/api; https://docs.usepylon.com/pylon-docs/developer/api/authentication; https://docs.usepylon.com/pylon-docs/developer/api/api-reference,Official,Pylon support workspace,https://support.usepylon.com/articles/2407390554-connecting-to-the-pylon-mcp-server
16,LiveAgent,Support & Helpdesk,"Helpdesk with tickets, chat and calls",API key,Admin / paid,Admin generates API v3 keys; free/trial API entitlement not established.,"REST; tickets, messages and support resources",Conditional,Admin,Retrieve a support ticket with v3 credentials,Confirm the LiveAgent subscription and create a v3-specific test key before implementing a ticket read.,Read the seeded ticket with v3 credentials and demonstrate a clear error for the wrong API version.,Avoid adapting a captured v1 session into a v3 integration; obtain the correct version's key and contract.,v1 and v3 keys are not interchangeable; explicitly target v3.,https://support.liveagent.com/802463-REST-API; https://support.liveagent.com/741982-API-key,,,
17,Plain,Support & Helpdesk,API-first B2B customer support,API key,Trial,Seven-day trial; scoped API keys created in workspace.,"GraphQL; customers, threads, events and assignment",Build,None,Query a customer support thread,Use a Plain trial workspace to execute a minimal GraphQL thread query with only the required fields.,Return a seeded thread and customer reference; handle GraphQL errors separately from HTTP status.,Compare Plain's MCP thread operations with the same query rather than building a REST-shaped adapter.,GraphQL is the primary data API; a REST-only wrapper would misrepresent the interface.,https://www.plain.com/docs/graphql/introduction; https://www.plain.com/docs/graphql/authentication; https://help.plain.com/article/pricing,Official,Support workflow tools; vendor describes its server,https://www.plain.com/blog/mcp-customer-support-2026
18,Help Scout,Support & Helpdesk,Shared support inbox and help content,OAuth2,Paid,Paid plans have differing API access levels; verify the required endpoint tier.,"REST; inboxes, conversations, customers and users",Conditional,Subscription,Read an inbox conversation,"Confirm Help Scout plan eligibility, then choose client credentials for one internal account or authorization code for customer installations.",Read one approved inbox conversation and record which integration model was used.,Ask for trial API access if the paid plan is unavailable; do not substitute mailbox login credentials for API authorization.,Authorization-code and client-credentials flows serve different integration models.,https://developer.helpscout.com/mailbox-api/overview/authentication/; https://developer.helpscout.com/mailbox-api/; https://docs.helpscout.com/article/1140-mailbox-api,,,
19,Gorgias,Support & Helpdesk,Ecommerce-focused support operations,OAuth2; API key,Account check,Private apps use API keys; public apps require OAuth and approval; trial entitlement not verified.,"REST; tickets, customers and support operations",Conditional,Approval,Read a Gorgias ticket privately,Confirm private-key API access on the intended Gorgias plan and read a test ticket before considering public-app distribution.,"Record plan eligibility, retrieve the ticket, and separate private-key rights from public OAuth approval.","For a missing ticket field, capture its authorized UI read and compare it with the public ticket response before proposing an alternative endpoint.",Do not ship a multi-customer app with collected private API keys.,https://developers.gorgias.com/reference/authentication; https://developers.gorgias.com/docs/oauth2-authentication-for-creating-apps-with-gorgias,,,
20,Gladly,Support & Helpdesk,Customer-centered omnichannel support,Token; Basic,Account check,API token created in a customer account; free sandbox access not established.,"REST; customers, conversations, tasks and events",Conditional,Customer access,Retrieve a customer conversation,Obtain an authorized Gladly test tenant and verify token-based Basic authentication against one customer conversation.,Return only the approved customer's conversation and document tenant-access requirements.,Request a vendor-provided sample payload if no test tenant is available; tenant access remains a prerequisite.,Token-based Basic authentication; a commercial tenant remains a prerequisite.,https://developer.gladly.com/rest/,,,
21,Slack,Communications,Team messaging and collaboration,OAuth2; Token,Sandbox,Developer sandbox available; workspace app approval and scopes can restrict installation.,"HTTP Web API + events; messages, channels, users and files",Build,Admin,Read a message in a test channel,Install a Slack app in a sandbox with minimum history scopes and invite it to one test channel before reading a message.,Retrieve the seeded message; show that an unjoined or ungranted conversation remains inaccessible.,Compare official MCP channel coverage against the required scopes; avoid capturing a personal Slack session as an app credential.,A token does not grant access to every conversation; scopes and membership still apply.,https://docs.slack.dev/authentication/installing-with-oauth/; https://docs.slack.dev/reference/methods/admin.apps.approve/,Official,Slack account access; distinct from Slackbot as MCP client,https://slack.com/help/articles/48855576908307-Guide-to-Model-Context-Protocol-in-Slack
22,Twilio,Communications,Programmable messaging and voice,API key; Basic; Token,Trial,Free trial exposes Account SID and Auth Token; production messaging has additional requirements.,"REST; SMS, voice, numbers and verification",Build,Production entitlement,Read a trial messaging record,Use Twilio trial credentials to inspect a test messaging record and document trial restrictions separately from future send costs.,Return the approved message's status without sending messages or changing phone-number settings.,Choose a messaging-specific auth path first; add voice or verification only after their separate requirements are checked.,Separate trial restrictions and usage charges from the ability to get credentials.,https://www.twilio.com/docs/usage/tutorials/how-to-use-your-free-trial-account; https://www.twilio.com/docs/iam/api-keys,,,
23,Zoho Cliq,Communications,"Team chat, channels and bots",OAuth2,Account check,Register a Zoho client and authorize a workspace; free API entitlement not separately verified.,"REST; messages, channels, users and bots",Conditional,Plan check,Read a channel with regional OAuth,Confirm Zoho Cliq plan access and authorize a test channel using the correct regional token endpoint and header.,"Retrieve the approved channel data and record the region, scopes and edition allowance.",Inspect an authorized channel's network read only if the public API lacks the required field; document the session dependency.,Use the Zoho-oauthtoken header and correct regional account endpoints.,https://www.zoho.com/cliq/help/restapi/v3/introduction/; https://www.zoho.com/cliq/help/restapi/v3/oauth/,,,
24,Lark (Larksuite),Communications,"Integrated chat, docs and workplace suite",OAuth2; Token,Admin / paid,App ID and secret plus user/tenant authorization; organization approval and scopes may apply.,"REST; messaging, docs, calendars, base and contacts",Conditional,Admin,Read an authorized Lark document,"Obtain tenant approval, choose user or tenant token mode, and read one document explicitly shared with the integration.",Read the selected document while an unshared document remains inaccessible.,Use official MCP if its permission model and document tools match; otherwise scope a direct document API client.,Official MCP supports user and tenant token modes; validate the chosen app's permissions.,https://github.com/larksuite/lark-openapi-mcp/blob/main/docs/usage/configuration/configuration.md; https://open.larksuite.com/,Official,User/tenant token modes and selected OpenAPI tools,https://github.com/larksuite/lark-openapi-mcp/blob/main/docs/usage/configuration/configuration.md
25,Pumble,Communications,Team chat and collaboration,API key; Token,Free,API and integrations available across subscriptions; install the API-key integration.,"REST; messaging, channels and workspace operations",Build,None,Read a Pumble test channel,Connect Pumble using its documented token headers and retrieve one approved channel or message through API or MCP.,Return the seeded channel/message using the documented headers and account limits.,Check MCP tool coverage before writing a wrapper; do not guess a generic bearer authorization scheme.,"MCP configuration requires the documented token headers, not a guessed generic bearer flow.",https://pumble.com/help/integrations/automation-workflow-integrations/api-keys-integration/; https://pumble.com/integrations/plaky,Official,Messaging and workspace actions,https://pumble.com/help/integrations/automation-workflow-integrations/how-to-use-the-pumble-mcp-server/
26,Discord,Communications,Community chat and bot platform,OAuth2; Token,Account check,Developer app and bot token; server authorization and privileged-intent approval may limit scope.,"REST + Gateway; guilds, channels, messages and interactions",Conditional,Approval,Read bot-visible Discord channel metadata,"Create a test bot, verify developer-account eligibility and grant it access to one test guild and channel.",Read bot-visible metadata and demonstrate denial for an ungranted channel.,Use the bot API and Gateway as appropriate; do not reverse engineer a personal user session into a self-bot.,Build around bot permissions; do not treat a user login session as a bot API credential.,https://docs.discord.com/developers/docs/interactions/slash-commands; https://discord.com/developers/docs/topics/oauth2,,,
27,Telegram,Communications,Messaging and bots,Token,Free,Create a bot through BotFather; bot token is sufficient for the Bot API.,"HTTP Bot API; messages, files and chat management",Build,None,Read a test bot update,"Create a Telegram test bot and retrieve an update generated by a test chat, with explicit Bot API scope.",Return the test chat/update identifiers and prevent unrelated update data from being logged.,Keep user-account automation outside this toolkit; the Bot API and user-account APIs have different capabilities.,Bot capabilities differ from Telegram user-account APIs; label this as the Bot API toolkit.,https://core.telegram.org/bots/api; https://core.telegram.org/bots/features,,,
28,WhatsApp Business,Communications,Business messaging over WhatsApp,Token,Sandbox,Meta provides test credentials/number; production requires a business setup and messaging permissions.,"Graph HTTP API; messages, templates, numbers and webhooks",Build,Production entitlement,Inspect WhatsApp test-number setup,Use Meta's WhatsApp sandbox to inspect the test-number configuration and document token expiry and production prerequisites.,"Record the test phone-number ID, required permissions and the difference between test and production access.",Plan system-user authorization and business approval separately; a temporary token is not a production solution.,Use scoped system-user tokens for deployment; do not equate a temporary test token with production approval.,https://www.postman.com/meta/whatsapp-business-platform/documentation/wlk6lh4/whatsapp-cloud-api; https://whatsapp.github.io/WhatsApp-Nodejs-SDK/,,,
29,Aircall,Communications,Cloud phone and call-center operations,OAuth2; Basic; API key,Account check,Account API credentials or OAuth integration; free developer entitlement not established.,"REST; calls, contacts, users and numbers",Conditional,Customer access,Read a test call record,"Confirm Aircall account entitlement, then read one test call with Basic credentials or a scoped OAuth installation.",Return the approved call identifier and metadata while documenting customer-account prerequisites.,Capture the authorized call-detail UI only to investigate a required metadata field absent from the public response.,Basic credentials and OAuth are both supported; production requires access to a customer account.,https://developer.aircall.io/docs/authentication; https://developer.aircall.io/tutorials/,,,
30,Vonage,Communications,Programmable communications and identity,API key; Basic; JWT,Trial,Developer site offers a trial; credentials and billing constraints vary by API product.,"REST; messaging, voice and verification",Build,Production entitlement,Inspect a Vonage application resource,"Select the specific Vonage product, identify whether it uses key/secret or application JWT authentication, and read a test resource.",Record the product-specific auth scheme and retrieve the chosen resource without sending messages or calls.,Keep separate adapters for messaging and voice when their credential flows differ.,"Some products require application JWTs, others key/secret Basic auth; avoid one auth adapter for all APIs.",https://developer.vonage.com/en/getting-started/concepts/authentication; https://developer.vonage.com/en/messages/technical-details; https://developer.vonage.com,,,
31,Google Ads,Marketing & Social,Search advertising campaign management,OAuth2,Approval,Test access is distinct from production; developer token and access-level review generally apply.,"REST + gRPC; campaigns, reporting and account resources",Conditional,Approval,Run a Google Ads sandbox report,Apply for the appropriate developer-token access and authorize a test Ads account before running a small reporting query.,"Return a test report and record developer-token level, OAuth scope and customer context.",Begin token approval immediately; a captured Ads UI request does not replace developer-token authorization.,OAuth is necessary but insufficient; verify developer-token access level and current Cloud-managed pilot rules.,https://developers.google.com/google-ads/api/docs/oauth/overview; https://developers.google.com/google-ads/api/docs/api-policy/access-levels; https://developers.google.com/google-ads/api/docs/api-policy/developer-token,,,
32,Meta Ads,Marketing & Social,Advertising on Meta properties,OAuth2; Token,Approval,Own-account testing is distinct from managing other customers' accounts; permissions require review.,"Graph HTTP API; campaigns, audiences, creatives and insights",Conditional,Approval,Read an approved Meta ad account,"Confirm the exact Marketing API permissions and access tier, then read campaign metadata in an approved test account.","Return the seeded campaign and record app permissions, account role and current access tier.",Keep this Graph HTTP workflow separate from Threads; request missing permissions through the official review route.,Meta Graph API is not GraphQL; recent access-tier naming changes warrant checking the exact product permission.,https://www.postman.com/meta/facebook-marketing-api/documentation/0zr4mes/facebook-marketing-api-mapi; https://github.com/facebook/facebook-nodejs-business-sdk/blob/main/README.md,,,
33,LinkedIn Ads,Marketing & Social,Professional-audience advertising,OAuth2,Approval,Advertising API access requires approval; consumer sign-in access does not include Marketing APIs.,"REST; ad accounts, campaigns, creatives and reporting",Conditional,Approval,Obtain LinkedIn Ads development approval,Prepare a LinkedIn Marketing API access request for a specific read-only campaign-reporting workflow and ask about test accounts.,Receive a documented access decision and the scopes needed for campaign reporting.,"If approval is pending, use an authorized report export as a limited data-ingestion prototype, not an API substitute.",Start outreach and access application before promising a production toolkit.,https://learn.microsoft.com/en-us/linkedin/shared/authentication/getting-access; https://learn.microsoft.com/en-us/linkedin/marketing/increasing-access?view=li-lms-2026-03,,,
34,GoHighLevel,Marketing & Social,Agency CRM and marketing automation,OAuth2; Token,Sandbox,Private Integration Tokens have a documented sandbox path; paid production capabilities need plan verification.,"REST; contacts, calendars, opportunities and marketing",Build,Production entitlement,Read a contact in a developer account,Use a GoHighLevel development account and a controlled private integration token to read a seeded contact.,Return the contact and location context; document OAuth requirements for customer distribution.,Compare the marketplace OAuth path before expanding a private integration to multiple customer locations.,Use OAuth for customer distribution; PITs suit controlled private integrations.,https://marketplace.gohighlevel.com/docs/Authorization/PrivateIntegrationsToken/; https://marketplace.gohighlevel.com/docs/oauth/SandboxPIT/,,,
35,Mailchimp,Marketing & Social,Email marketing and audience management,OAuth2; API key; Basic,Account check,Key creation and OAuth paths are self-managed; free-plan eligibility for each target feature needs confirmation.,"REST; audiences, campaigns, automations and reporting",Conditional,Plan check,Read one audience member,"Verify Mailchimp Marketing API access on the intended free or trial plan, then read a seeded audience member using a scoped account credential.",Record plan entitlement and return the test member without sending a campaign.,"If a campaign workflow is missing from the public API, capture that authorized UI read and compare the response schema before proposing a wrapper.",The marketing API is REST; unrelated GraphQL mentions on the landing page are not its protocol.,https://mailchimp.com/developer/marketing/guides/quick-start/; https://mailchimp.com/developer/marketing/docs/fundamentals/,,,
36,Klaviyo,Marketing & Social,Customer marketing and lifecycle messaging,OAuth2; API key,Account check,Private scoped keys from account settings; public client keys have limited scope; plan quotas need confirmation.,"REST; profiles, events, lists, campaigns and flows",Conditional,Plan check,Read a test profile,"Confirm Klaviyo server-side API eligibility, create a least-privilege private key, and retrieve a seeded profile.",Return the test profile using a private server key; demonstrate that a public tracking key cannot authorize it.,Check whether official MCP exposes the same profile fields; otherwise use the documented profiles API.,Do not confuse public tracking keys with privileged server-side API credentials.,https://developers.klaviyo.com/en/reference/api_overview; https://developers.klaviyo.com/en/v2026-01-15/docs/authenticate_,,,
37,systeme.io,Marketing & Social,"Funnels, email and digital-product sales",API key,Account check,Public API key generated in account settings; pricing entitlement not settled by the setup article.,Public HTTP API; contact and sales-workflow integrations,Conditional,Plan check,Retrieve a funnel contact,Confirm systeme.io account/API eligibility and authenticate a read of a test contact tied to a known funnel.,Return the seeded contact and record the supported contact or sales objects.,Inspect a specific authorized funnel UI read only when the documented public API lacks a required relationship.,"Public API means documented interface, not unauthenticated access.",https://help.systeme.io/article/2323-how-to-use-systeme-io-public-api,,,
38,Pinterest,Marketing & Social,"Visual discovery, publishing and ads",OAuth2,Approval,App approval grants Trial access; broader Standard access requires further review.,"REST; pins, boards and advertising resources",Conditional,Approval,List a test board after access approval,"Apply for Pinterest's developer access tier, confirm Trial-tier approval requirements, then list a test board.",Document approval status and return the approved board with the granted permissions.,Use a user-provided board export for exploratory analysis while approval is pending; do not label it an API integration.,A tier named Trial is still approval-gated; it is not necessarily instant self-serve access.,https://developers.pinterest.com/docs/key-concepts/access-tiers/; https://developers.pinterest.com/docs/developer-tools/sandbox/,,,
39,Threads (Meta),Marketing & Social,Social publishing and engagement,OAuth2; Token,Account check,Meta app with Threads use case and authorized user; broader distribution permissions need review.,"HTTP Graph API; publish, retrieve and manage Threads content",Conditional,Approval,Read a test Threads profile,"Confirm Threads-specific developer setup and token scopes, then read the authorized test profile or its posts.",Return the intended profile and document token expiry and permissions without publishing content.,Keep Threads OAuth and Meta Ads credentials separate; investigate browser requests only for authorized read fields missing from the supported API.,Threads tokens and permissions differ from Meta Ads; avoid reusing an unrelated Meta token.,https://www.postman.com/meta/threads/collection/dht3nzz/threads-api; https://www.postman.com/meta/threads/documentation/dht3nzz/threads-api,,,
40,SendGrid,Marketing & Social,Transactional and marketing email delivery,API key,Account check,Create the first key in SendGrid UI; sender verification and current trial availability need confirmation.,"REST; mail send, templates, contacts and statistics",Conditional,Customer access,Inspect email template metadata,"Confirm SendGrid account eligibility and create a restricted key for reading a test template, without enabling mail sends.",Return template metadata and distinguish API scopes from domain-sending verification.,"If sending is later required, add verified-sender setup and separate send authorization as a new test.",API authorization and permission to send as a domain are different setup steps.,https://www.twilio.com/docs/sendgrid/api-reference/how-to-use-the-sendgrid-v3-api/authentication; https://www.twilio.com/docs/sendgrid/ui/account-and-settings/api-keys,,,
41,Shopify,Ecommerce,Online stores and merchant operations,OAuth2; Token,Sandbox,Development store/app path; merchant authorization for production and review for public distribution.,"GraphQL Admin; broad products, orders and inventory",Build,Approval,Query a development-store product,Create a Shopify development store and query a seeded product through the GraphQL Admin API using the current app authorization flow.,Return product ID and inventory-related fields with documented Admin scopes and query-cost handling.,Evaluate storefront MCP only for shopper workflows; do not use it as evidence of full Admin coverage.,Use modern app authorization; legacy admin-created custom-app instructions are not the default for new builds.,https://shopify.dev/docs/apps/build/authentication-authorization; https://shopify.dev/docs/apps/build/authentication-authorization/access-tokens,Official; partial,"Storefront shopping, catalog and cart; not full Admin API",https://shopify.dev/docs/apps/build/storefront-mcp/servers/storefront
42,WooCommerce,Ecommerce,Open-source WordPress ecommerce,API key; Basic,Local,Install WooCommerce on an owned test site; generate keys for a permitted user.,"REST; products, orders, customers and coupons",Build,Runtime,Read a local WooCommerce product,"Run a test WordPress/WooCommerce store, create a read-only consumer key, and retrieve a seeded product over HTTPS.",Return the product while a write attempt is excluded by the key's permissions.,Prefer the public REST API; inspect plugin-specific UI calls only if a required extension field is not exposed.,Consumer key/secret via HTTPS Basic auth; hosting and user permissions are the operational prerequisites.,https://developer.woocommerce.com/docs/apis/rest-api/authentication; https://developer.woocommerce.com/docs/apis/rest-api/,,,
43,BigCommerce,Ecommerce,Hosted ecommerce platform,OAuth2; Token,Account check,Store/API-account credentials and scoped access; trial eligibility not independently verified.,"REST + GraphQL; catalog, orders, storefront and account operations",Conditional,Customer access,Separate storefront and merchant catalog access,Confirm BigCommerce developer-store eligibility and choose whether the workflow needs storefront GraphQL or merchant REST catalog data.,Read the test product through the chosen surface and document why storefront MCP does or does not cover it.,Use merchant API scopes for back-office fields instead of assuming storefront MCP has administrator access.,Storefront MCP beta is not equivalent to full merchant Admin API coverage.,https://developer.bigcommerce.com; https://developer.bigcommerce.com/resource-hub/bigcommercedevs-recap-h1-23,Official beta; partial,Storefront commerce; not full management API,https://docs.bigcommerce.com/developer/api-reference/mcp/overview
44,Salesforce Commerce Cloud,Ecommerce,Enterprise digital commerce,OAuth2; JWT,Admin / paid,Commerce tenant and Account Manager client required; customer/admin provisioning.,REST SCAPI; shopper and administrative commerce APIs,Conditional,Admin,Read shopper or admin commerce data,Obtain a Salesforce Commerce Cloud test instance and choose either shopper SLAS or Admin authorization for a concrete catalog workflow.,Return the test resource using the correct token type; document instance and role prerequisites.,Request a sandbox and scoped sample catalog from the account team when no customer test instance is available.,Shopper SLAS and Admin API tokens follow different authorization paths.,https://developer.salesforce.com/docs/commerce/sfra/guide/authorization.html; https://developer.salesforce.com/docs/commerce/commerce-api/guide/security.html,,,
45,Magento (Adobe Commerce),Ecommerce,Customizable commerce platform,OAuth2; OAuth1; Token,Local,Magento Open Source can be self-hosted; Adobe Commerce SaaS is separately licensed.,"REST + GraphQL; catalog, checkout, orders and administration",Build,Runtime,Query a local product catalog,"Choose self-hosted Magento or Adobe Commerce SaaS explicitly, then read a seeded product through its appropriate REST or GraphQL interface.",Return the product and document whether installation tokens or Adobe IMS authorization apply.,Do not mix self-hosted integration credentials with the SaaS auth flow when designing the toolkit.,SaaS uses Adobe IMS OAuth2; traditional installations have different integration/token flows.,https://developer.adobe.com/commerce/webapi/rest/authentication/; https://developer.adobe.com/commerce/webapi/get-started/authentication/gs-authentication-token; https://developer.adobe.com/commerce/webapi/graphql/usage/authorization-tokens,,,
46,Squarespace,Ecommerce,Website and commerce builder,OAuth2; API key,Paid,Commerce Advanced plan documented for custom applications; OAuth client registration is a separate path.,"REST; commerce products, inventory, orders and transactions",Conditional,Subscription,Read an order through the selected app model,"Choose custom API-key app or OAuth Extension first; confirm that route's plan requirements, then read a test order with minimum permissions.","Record the chosen route, applicable plan restriction and a successful scoped test-order read.","If a needed order field appears only in an authorized UI workflow, capture that read and assess session stability; do not treat it as a way around plan eligibility.",Custom API-key applications require Commerce Advanced; OAuth Extensions can serve customers on any plan. This row classifies the custom-app path.,https://developers.squarespace.com/commerce-apis/authentication-and-permissions; https://developers.squarespace.com/commerce-apis/making-requests,,,
47,Ecwid,Ecommerce,Embedded online storefronts,OAuth2; Token,Paid,Only paid stores can access the API; conditional developer upgrades are available.,"REST; catalog, orders, customers and store settings",Conditional,Subscription,Read a store catalog product,Confirm Ecwid custom-app eligibility on the intended plan and read a seeded catalog product with a store-specific token.,Return product and store identifiers; record the permission set and distribution restrictions.,Ask for partner-app access if the tool must serve multiple stores rather than reusing a private store token.,Custom apps can use store-specific tokens; partner distribution needs the documented app process.,https://docs.ecwid.com/get-started/set-up-your-dev-environment-in-ecwid; https://docs.ecwid.com/develop-apps/app-settings,,,
48,Gumroad,Ecommerce,Digital-product storefront and sales,OAuth2; Token,Account check,Own-account access token or OAuth app; free access needs confirmation from the live API page.,"REST + CLI; products, sales, files, subscriptions and licenses",Conditional,Plan check,Retrieve a seller product,Confirm Gumroad seller API eligibility and read a test product using the documented OAuth scope or official CLI.,Return the product ID and selected fields; keep license verification separate from seller-data authorization.,Evaluate the official CLI before inspecting browser endpoints; use network capture only for a specific missing seller workflow.,"Browser verified OAuth2, scoped tokens and a broad REST API plus official CLI; license verification has a separate unauthenticated path.",https://gumroad.com/api,,,
49,Amazon Selling Partner,Ecommerce,Amazon seller and vendor operations,OAuth2; Token,Approval,"Developer registration, role qualification and seller/vendor authorization required.","REST; catalog, orders, inventory, reports and fulfillment",Conditional,Approval,Read sandbox selling-partner order data,"Complete Amazon Selling Partner developer onboarding, choose the required role, and run a documented sandbox order read.","Record onboarding status, role authorization and the sandbox response; identify restricted-data requirements separately.",Request an authorized seller test account where sandbox fixtures cannot represent the required order workflow.,Sandbox support does not waive onboarding or restricted-data requirements.,https://developer-docs.amazon.com/sp-api/docs/onboarding-overview; https://developer-docs.amazon.com/sp-api/lang-en_EN/docs/sp-api-registration-overview,,,
50,fanbasis,Ecommerce,Creator commerce and payments,API key,Account check,Merchant account required; onboarding and free sandbox eligibility need vendor confirmation.,"Public API; checkout, seller and transaction operations",Conditional,Customer access,Read a seller checkout record,"Ask fanbasis to confirm merchant API eligibility and required key scope, then retrieve a test checkout or transaction record.",Record the eligibility answer and retrieve the approved test record without creating a charge.,"If merchant access is available but the contract is incomplete, capture one checkout-detail read and ask the vendor to confirm the endpoint schema.",Published docs show x-api-key; verify merchant eligibility before estimating delivery.,https://apidocs.fan/; https://demo.embedded.fanbasis.io/docs/getting-started,,,
51,DataForSEO,Data & SEO,"SEO, search and market datasets",Basic,Account check,API login/password from account API-access settings; usable test-credit entitlement not verified.,"REST; SERP, keywords, backlinks and on-page data",Conditional,Plan check,Retrieve an SEO task result,Confirm DataForSEO trial credits and choose one low-cost task type; inspect a pre-created task result using Basic authentication.,Return a result with its task status and documented credit cost; distinguish submission from polling.,"Define a per-run credit budget before enabling task creation, rather than treating credentials as unlimited execution access.",Async task endpoints need polling and explicit cost budgets; credentials are not OAuth.,https://docs.dataforseo.com/v3/on_page-page_screenshot/; https://docs.dataforseo.com,Official,SEO and data tools,https://dataforseo.com/help-center/setting-up-the-official-dataforseo-mcp-server-simple-guide
52,SE Ranking,Data & SEO,SEO analytics and rankings,API key,Paid,Subscription/credit-based Data API; Project API consumes subscription limits.,REST; SEO datasets and project operations,Conditional,Subscription,Inspect Project API quota and a project,"Confirm whether the SE Ranking workflow uses Project API subscriptions or Data API credits, then read a permitted project resource.","Record the product, quota model and one authorized project response.",Request the exact endpoint's allowance from support when pricing does not distinguish the two API products.,Separate Data API credit balances from Project API subscription quotas.,https://seranking.com/api/how-to-get-api/; https://seranking.com/api/project/getting-started/,,,
53,Ahrefs,Data & SEO,"SEO, backlinks and competitive research",API key; OAuth2,Paid,MCP available on Lite or higher; API entitlement and units vary by plan.,"REST; SEO analytics, backlinks and keywords",Conditional,Subscription,Read one permitted SEO report,"Check Ahrefs access for the exact endpoint and subscription, then retrieve a small authorized backlink or keyword report.",Record the endpoint's entitlement and unit usage with the returned report.,Evaluate the official MCP allowance separately; do not rely on an old blanket Enterprise-only rule.,Older enterprise-only blanket claims are unsafe; check endpoint and plan rather than brand alone.,https://ahrefs.com/api; https://docs.ahrefs.com/en/mcp/docs/introduction,Official,SEO research; Lite plan or higher,https://docs.ahrefs.com/en/mcp/docs/introduction
54,MrScraper,Data & SEO,Web scraping and structured extraction,API key; Token,Account check,Account API token; subscription quota and any free allowance require confirmation.,"REST; scraping jobs, results, search and account status",Conditional,Plan check,Read an existing scrape job result,Confirm MrScraper account credits and inspect a previously created test job through its API or official MCP.,"Return job status and result metadata, and record how credits are charged.",Compare CLI/MCP job operations with the required output format before creating a custom REST wrapper.,Official CLI/MCP exists; account credits still govern execution.,https://docs.mrscraper.com/docs/api/authentication; https://docs.mrscraper.com/docs/getting-started/mcp-server,Official,"Scrape, search, status and results",https://docs.mrscraper.com/docs/getting-started/mcp-server
55,Apify,Data & SEO,Hosted scraping and automation Actors,Token; OAuth2,Account check,Account API token; Actor-specific cost and free-tier limits must be checked.,"REST; Actor runs, datasets, storage and schedules",Conditional,Plan check,Read an Actor dataset,Confirm Apify free/trial platform allowance and read a small existing test dataset before enabling Actor execution.,Return dataset items with pagination and record the platform/Actor cost distinction.,A working Actor invocation does not prove access to its target site; validate target-specific restrictions separately.,"MCP can invoke Actors, but Actor availability does not guarantee a target website can be scraped.",https://docs.apify.com; https://github.com/apify/apify-mcp-server,Official,Run Apify Actors and access results,https://github.com/apify/apify-mcp-server
56,Firecrawl,Data & SEO,Web crawling and structured extraction,API key,Free,"Self-serve API key with 1,000 monthly free credits stated on current homepage; no card required.","REST; scrape, crawl, map, search and extraction",Build,None,Inspect a bounded crawl result,"Use Firecrawl's documented free allowance for a small owned or permitted site, with an explicit page and credit limit.","Record the crawl job ID, poll to a terminal status and return only the allowed page count.",Compare official MCP crawl controls with direct API limits before exposing an unconstrained crawl tool.,A crawl is an asynchronous job; implement status handling and explicit credit limits.,https://docs.firecrawl.dev/features/stealth-mode; https://docs.firecrawl.dev; https://www.firecrawl.dev/,Official,Web scrape and crawl tools,https://github.com/firecrawl/firecrawl-mcp-server
57,Bright Data,Data & SEO,Web data extraction and proxy infrastructure,API key,Free,Official MCP documents a free tier; paid tools and product-specific billing remain separate.,"REST + MCP; scraping, search and browser/data products",Build,Production entitlement,Read a result through the free MCP path,Select a Bright Data tool explicitly included in the documented free MCP allowance and inspect its permitted read workflow.,"Record tool identity, quota and result scope; distinguish it from paid datasets and proxy products.",Request separate entitlement for a paid dataset rather than extrapolating from free MCP access.,Free MCP access is not a blanket entitlement to every paid dataset or proxy product.,https://docs.brightdata.com/ai/mcp-server/overview,Official,Free and paid web data tools; quotas differ,https://docs.brightdata.com/ai/mcp-server/overview
58,Sherlock,Data & SEO,Open-source username discovery across websites,None,Local,Local open-source CLI; no vendor account credential.,"CLI; username lookup and report output, not a hosted REST API",Build,Runtime,Run a bounded local username lookup,"Wrap Sherlock as a local subprocess with an allowlisted test username, timeout and output directory, then inspect known positive and negative cases.","Record exit status, tested sites and false-positive handling; never equate a match with verified identity.",Keep this as a CLI tool and limit the site set; a hosted REST service is unnecessary for the first prototype.,Wrap a subprocess with bounded inputs/timeouts; site changes and false positives need validation.,https://github.com/sherlock-project/sherlock,,,
59,Waterfall.io,Data & SEO,B2B contact/company enrichment,API key,Account check,Vendor examples show API keys; access provisioning and free trial not established.,HTTP API; enrichment and contact search,Conditional,Customer access,Read an authorized enrichment result,"Ask Waterfall.io to confirm the intended enrichment endpoint, account allowance and correct API-key header before coding.",Obtain a consistent request example and validate the documented response fields on authorized test data.,"Capture the matching authorized enrichment UI request only to resolve header/schema ambiguity, then seek vendor confirmation.",Different examples use different key headers; confirm the endpoint-specific contract before coding.,https://www.waterfall.io/; https://www.waterfall.io/product/contact-search,,,
60,Clay,Data & SEO,GTM data enrichment and workflows,API key; OAuth2,Account check,First-party agent docs describe a keyed REST API and OAuth CLI; feature/plan entitlement needs verification.,REST/workflow calls and webhooks; exact general CRUD breadth unresolved,Conditional,Plan check,Trigger or inspect one defined Clay workflow,Identify the specific Clay inbound workflow or routine contract and confirm account entitlement before claiming general CRUD coverage.,"Document the exact input, output and auth contract for one workflow with a test record.",Use a documented webhook or export when available; do not mistake Clay's outbound HTTP action for an inbound Clay API.,Do not confuse Clay's outbound HTTP integration with its own API; validate the routine/workflow contract.,https://agent-docs.clay.com/blog/implementation-guide/we-want-to-test-two-versions-of-an-outbound-sequence-without-spinning-up-a-whole-new-campaign-each-t-fdd053; https://university.clay.com/docs/webhook-integration-guide; https://www.clay.com/pricing,,,
61,GitHub,Developer & Infra,Code hosting and developer collaboration,OAuth2; Token; JWT,Free,Personal tokens or registered apps; organization approval/SSO may restrict customer resources.,"REST + GraphQL; repos, issues, PRs, actions and administration",Build,Admin,"Read a public repository, then scoped issues","Use the existing public-repository demo as a smoke test, then authorize a least-privilege GitHub App to read issues in one test repository.",Keep the public HTTP-200 result separate from a new authenticated issue-read test and record granted repository permissions.,Compare official MCP issue tools with required fields and installation boundaries before adding custom REST tools.,Prefer a least-privilege GitHub App for multi-tenant automation; personal tokens suit prototypes.,https://docs.github.com/en/authentication/keeping-your-account-and-data-secure/about-authentication-to-github; https://docs.github.com/rest; https://docs.github.com/en/rest/about-the-rest-api/about-the-openapi-description-for-the-rest-api,Official,GitHub repository and collaboration resources,https://github.com/github/github-mcp-server
62,Vercel,Developer & Infra,Application deployment and hosting,Token; OAuth2,Account check,Account access tokens; plan-specific deployment/resource limits need verification.,"REST; projects, deployments, domains and teams",Conditional,Plan check,Read one deployment's metadata,Confirm Vercel API access on the selected plan and use a team-scoped token to inspect a test deployment.,Return deployment and project identifiers within the selected team; record account limits.,Inspect an authorized deployment UI request only for a required field absent from the public API; hosting MCP servers is not native MCP coverage.,A platform that hosts MCP servers does not by itself prove a native account-management MCP exists.,https://vercel.com/docs/rest-api,Official,Vercel deployment/project workflows,https://vercel.com/docs/agent-resources/vercel-mcp
63,Netlify,Developer & Infra,Web hosting and deployment workflows,OAuth2; Token,Account check,Generate a personal access token or register OAuth application; team access is explicit.,"REST; sites, builds, deployments and team resources",Conditional,Plan check,Read a test site's deployment status,Confirm Netlify API eligibility and use a scoped account token to read one test site's deployment metadata.,Return the site/deploy identifiers and distinguish API access from build/runtime credit usage.,Use deployment webhooks for status updates if polling is unnecessary; verify the webhook contract and plan allowance.,Separate API availability from build/runtime usage credits.,https://docs.netlify.com/api-and-cli-guides/api-guides/get-started-with-api/; https://docs.netlify.com/manage/accounts-and-billing/user-settings/,Official,"Build, deploy and manage Netlify resources",https://github.com/netlify/netlify-mcp
64,Cloudflare,Developer & Infra,"Edge infrastructure, DNS and security",Token; API key,Account check,Create a scoped token in dashboard; product entitlement and account role govern each service.,REST + GraphQL analytics; broad infrastructure resources,Conditional,Plan check,Read a permitted DNS zone,Confirm Cloudflare API eligibility for the chosen product and create a read-only token limited to one test zone.,List the approved zone's records and verify access is denied outside its scope.,Compare the relevant official MCP server with this zone-scoped workflow instead of using a broad global key.,A single broad global key is not required; scope the token to target resources.,https://developers.cloudflare.com/fundamentals/api/get-started/create-token/; https://developers.cloudflare.com/api,Official,Cloudflare API plus product-specific servers,https://developers.cloudflare.com/agents/model-context-protocol/cloudflare/servers-for-cloudflare/
65,Supabase,Developer & Infra,Hosted Postgres and backend services,OAuth2; Token; API key,Free,Two free projects plus project API credentials support a scoped database prototype; management roles and quotas still apply.,"Management REST; project REST/GraphQL, storage and auth",Build,None,Read rows protected by row-level security,"Create a free Supabase test project, seed two differently owned rows, and query through the project API with the intended user context.",Return only permitted rows; record RLS behavior and keep management tokens out of the data-plane test.,Use the project REST or GraphQL surface for records; reserve management MCP for project administration.,Free project route is inferred from billing and project API docs; keep project keys separate from management tokens and enforce row-level security.,https://supabase.com/docs/reference/api/introduction; https://supabase.com/docs/guides/platform/personal-access-tokens; https://supabase.com/docs; https://supabase.com/docs/guides/platform/billing-on-supabase,Official,Management/project capabilities; PAT permissions apply,https://supabase.com/docs/guides/platform/personal-access-tokens
66,Neo4j,Developer & Infra,Graph database and managed graph hosting,Basic; Token; OAuth2,Local,Self-hosted database credentials; Aura management has separate client credentials and entitlements.,HTTP Query API + Aura management; Cypher queries and infrastructure,Build,Runtime,Run a read-only local Cypher query,Use a local Neo4j database and a read-only query identity to retrieve a small seeded graph through the Query API or MCP.,Return the expected nodes and relationships; document database auth separately from Aura management OAuth.,Keep graph query execution separate from infrastructure provisioning and constrain query/time limits.,Basic/Bearer database query auth and Aura OAuth are distinct; a graph database is not a GraphQL API.,https://neo4j.com/docs/query-api/current/authentication-authorization/; https://neo4j.com/docs/aura/api/authentication/,Official,Schema introspection and Cypher read/write; database credentials and optional read-only mode,https://neo4j.com/docs/mcp/current/tools/
67,Snowflake,Developer & Infra,Cloud data warehouse and data platform,OAuth2; JWT; Token,Account check,Account role and authentication policy required; trial eligibility not verified in this pass.,REST + SQL API; query execution and platform resources,Conditional,Customer access,Execute a bounded Snowflake read query,"Confirm trial/API eligibility and role/network policies, then run a small read-only SQL API query with one supported credential type.","Record the role, warehouse/cost limit, query ID and result; verify the chosen auth scheme.",Use official MCP only after checking role and query-execution boundaries; do not imply an API token bypasses network policy.,"Key-pair JWT, OAuth and programmatic access tokens are supported; role and network policy still constrain use.",https://docs.snowflake.com/en/en/developer-guide/snowflake-rest-api/authentication; https://docs.snowflake.com/en/developer-guide/snowflake-rest-api/tutorials/common-setup,Official,Managed Cortex Analyst/Search/Agents and configured SQL/custom tools; OAuth and RBAC,https://docs.snowflake.com/en/user-guide/snowflake-cortex/cortex-agents-mcp
68,MongoDB Atlas,Developer & Infra,Managed MongoDB database infrastructure,OAuth2; Digest,Admin / paid,Organization/project service account or API key; permissions and network access configuration apply.,"REST Admin API; clusters, projects, users and configuration",Conditional,Admin,Read Atlas project configuration,"Obtain a MongoDB Atlas project role and management credential, then read a test cluster's configuration through the Admin API.",Return cluster/project metadata and confirm least-privilege access; do not query application data through the retired Data API.,"For application records, choose a supported database driver path separately from management MCP or Admin REST.",This verdict concerns management APIs; do not substitute the retired Atlas Data API for database access.,https://www.mongodb.com/docs/api/doc/atlas-admin-api-v2/preview/authentication; https://mongodb.com/docs/atlas/api,Official,Local or Atlas-managed data and cluster operations; setup and roles differ,https://www.mongodb.com/docs/mcp-server/overview/
69,Datadog,Developer & Infra,"Monitoring, logs and observability",API key,Account check,Organization API key plus application key for many operations; role and site-specific endpoint apply.,"REST; metrics, logs, monitors, dashboards and incidents",Conditional,Customer access,Read one monitor's definition,Confirm Datadog account/API allowance and provision the required API plus application-key or OAuth permissions for a test monitor.,Return the monitor definition and document why an API key alone is insufficient for the chosen read.,Compare the official MCP monitor tool and its scopes before implementing a parallel wrapper.,One API key alone is insufficient for many read/admin operations.,https://docs.datadoghq.com/api/latest/authentication/; https://docs.datadoghq.com/api/latest/,Official,Remote observability tools; separate local Code Security MCP and site restrictions,https://docs.datadoghq.com/mcp_server/
70,Sentry,Developer & Infra,Application error and performance monitoring,OAuth2; Token,Account check,Create scoped auth token or OAuth integration; organization membership and plan features apply.,"REST; issues, projects, releases and events",Conditional,Plan check,Read a seeded Sentry issue,Confirm Sentry plan/API access and authorize an issue read in one test project using a management token or OAuth.,Return the seeded issue and project context; demonstrate that an ingest DSN is not a management credential.,Check official MCP issue coverage first; use direct REST only for fields or operations it omits.,Separate the ingest DSN from a management API auth token.,https://docs.sentry.io/api/auth/; https://docs.sentry.io/api/guides/create-auth-token/; https://docs.sentry.io/api/,Official,"OAuth-scoped errors, performance, issue triage and project tools",https://mcp.sentry.dev/
71,Notion,Productivity,"Documents, databases and team knowledge",OAuth2; Token,Account check,Integration token or OAuth; user grants access to specific workspace content.,"REST; pages, blocks, data sources and search",Conditional,Plan check,Read a specifically shared Notion page,"Confirm Notion integration availability on the intended plan, share one test page with the integration, and retrieve its blocks.",Read the shared page while an unshared page remains inaccessible; record data-source versus page scope.,Compare user-authorized MCP access with integration-token sharing rules rather than assuming workspace-wide visibility.,Access is limited to shared resources; MCP user authorization does not imply workspace-wide access.,https://developers.notion.com; https://www.notion.com/help/notion-mcp,Official,User-authorized Notion content,https://www.notion.com/help/notion-mcp
72,Airtable,Productivity,Collaborative databases and workflows,OAuth2; Token,Free,Web API available on Free and paid plans; scopes and base permissions apply.,"REST; records, bases, metadata and webhooks",Build,None,Read records in one Airtable base,"Create a free test base and a PAT limited to that base, then list seeded records within the documented request allowance.",Return record IDs and fields with pagination; verify the token cannot read another base.,Use OAuth for customer-installed access; do not document retired legacy API keys as a new setup path.,Use PATs/OAuth rather than retired legacy API keys; free plans retain request limits.,https://support.airtable.com/articles/6292134965-getting-started-with-airtable-s-web-api; https://support.airtable.com/articles/9934989703-creating-personal-access-tokens,Official,Authorized Airtable bases/resources,https://support.airtable.com/articles/9897799762-using-the-airtable-mcp-server
73,Linear,Productivity,Issue tracking and product planning,OAuth2; API key,Free,Free plan plus always-available admin API keys establish a scoped prototype path; Free workspace members are admins.,"GraphQL; issues, projects, teams and cycles",Build,None,Query issues in one Linear team,Confirm API-key permissions in the intended Linear workspace and execute a minimal GraphQL query for a test team's issues.,"Return issue ID/title/status and document pagination, scope and applicable workspace controls.",Compare official MCP issue tools with the needed GraphQL fields before choosing an adapter.,"API access inferred by combining pricing, Free-plan roles and API key policy; production workspace controls remain.",https://linear.app/developers/graphql; https://linear.app/developers/oauth-2-0-authentication; https://linear.app/pricing; https://linear.app/docs/api-and-webhooks; https://linear.app/docs/invite-members,Official,Linear issues and workspace actions,https://linear.app/docs/mcp
74,Jira,Productivity,Issue tracking and project workflows,OAuth2; API key; Basic,Account check,Cloud account/API token or OAuth app; project permissions and organization policy govern access.,"REST; issues, projects, boards and workflow resources",Conditional,Admin,Read a Jira Cloud test issue,Confirm Jira Cloud free/trial API entitlement and read a seeded issue with an API token or scoped OAuth application.,Return issue key and selected fields while documenting Cloud-specific auth and project permissions.,Keep Data Center out of this test; inspect its API and deployment separately if a customer requires it.,Scope explicitly to Jira Cloud; Data Center has different authentication and deployment requirements.,https://developer.atlassian.com/cloud/jira/service-desk/basic-auth-for-rest-apis/; https://developer.atlassian.com/cloud/jira/platform/rest/v2/intro/,Official,"Rovo MCP with Jira work-item search and updates; OAuth 2.1, permissions and credit limits",https://developer.atlassian.com/cloud/rovo-mcp/guides/getting-started/
75,Asana,Productivity,Team tasks and work management,OAuth2; Token,Free,Free account or developer sandbox; PAT for initial API calls; paid resource entitlements remain separate.,"REST; tasks, projects, workspaces and portfolios",Build,None,Read a test Asana task,Create a free Asana test project and retrieve a seeded task with a PAT limited by the test user's permissions.,Return the task and project identifiers and document fields unavailable on the selected plan.,Use the official OAuth-based MCP for user-delegated workflows if it covers the required task fields.,PATs inherit the user permissions; official MCP uses an OAuth application.,https://developers.asana.com/docs/authentication; https://developers.asana.com/docs/personal-access-token; https://developers.asana.com/docs/overview,Official,Asana work resources through OAuth,https://developers.asana.com/docs/integrating-with-asanas-mcp-server
76,Monday.com,Productivity,Work-management boards and automations,OAuth2; Token,Sandbox,Free developer account for isolated API/app testing; production plan limits remain separate.,"GraphQL; boards, items, columns and workspace operations",Build,None,Query board items in a developer sandbox,Use a Monday.com developer sandbox to run a small GraphQL board/items query and record complexity usage.,Return seeded item/column values and demonstrate cursor handling within the complexity budget.,Compare official MCP operations with the exact columns required before adding custom GraphQL tools.,Treat API complexity budgets separately from HTTP request counts.,https://developer.monday.com/apps/docs/choosing-auth; https://developer.monday.com/api-reference/docs/build-on-monday-with-ai; https://developer.monday.com/api-reference/docs/developer-sandbox-account,Official,GraphQL tools and separate app-development mode,https://developer.monday.com/api-reference/docs/integrate-with-monday-mcp
77,ClickUp,Productivity,"Tasks, documents and project management",OAuth2; Token,Free,MCP supports Free Forever with 50 calls per 24 hours; REST uses its own rate limits.,"REST; tasks, lists, spaces, comments and time tracking",Build,None,Read a task in a free workspace,Create a ClickUp free test workspace and read a seeded task using a personal token with the test user's access.,Return the task/list identifiers and record the applicable rate limit and feature restrictions.,Use OAuth for customer distribution; keep unsupported paid features outside the initial task-read workflow.,Available credentials do not establish unlimited rates or entitlement to every feature.,https://developer.clickup.com/docs/authentication; https://developer.clickup.com/docs/Getting%20Started; https://developer.clickup.com/docs/connect-an-ai-assistant-to-clickups-mcp-server,Official,Workspace tools; Free Forever has 50 daily calls,https://developer.clickup.com/docs/connect-an-ai-assistant-to-clickups-mcp-server
78,Coda,Productivity,Documents with structured tables and workflows,Token,Free,"API doc-size limits explicitly apply across all plan types, including Free; generate an account token.","REST; docs, tables, rows, formulas and controls",Build,None,Read rows in a small Coda document,"Use a small free Coda document and API token to list a seeded table's rows, then verify current size and request limits.",Return row IDs/values and document the free-plan inference plus any document-size constraint.,Use documented table APIs for the prototype; do not include admin-only workspace operations in the same access claim.,Free document API route is inferred from all-plan API limits and token docs; oversized documents and admin-only APIs are separate constraints.,https://coda.io/developers/apis/v1; https://help.coda.io/hc/en-us/articles/39555760015757-Overview-Doc-limits,,,
79,Smartsheet,Productivity,Spreadsheet-style project and work management,OAuth2; Token,Paid,API restricted to Business and Enterprise plans.,"REST; sheets, rows, attachments, reports and automation",Conditional,Subscription,Read a sheet after confirming entitlement,Confirm Smartsheet Business/Enterprise API eligibility and authorize a read of one test sheet.,Return sheet/row identifiers and record plan entitlement; verify the user can access that sheet.,Compare MCP availability under its own plan requirements rather than assuming it matches all REST plans.,Confirm paid-tier entitlement before scheduling implementation; a basic account is insufficient.,https://developers.smartsheet.com/api/smartsheet/openapi/proofs/proofs-create,Official,"Sheets, rows, workflow and portfolio tools; Business/Enterprise/Advanced Work Management required",https://developers.smartsheet.com/ai-mcp/smartsheet/mcp-server
80,Harvest,Productivity,Time tracking and project invoicing,OAuth2; Token,Free,"API access included for all accounts, including free and trial; send account ID with token.","REST; time entries, projects, clients and invoices",Build,None,Read an approved time entry,Use a free Harvest account and v2 OAuth/PAT with explicit account context to read a test time entry.,Return the entry and account identifier; avoid legacy Basic-auth instructions.,"Use a read-only reporting workflow first, keeping invoice creation and time-entry mutation outside the initial tool.",API v2 replaced legacy Basic auth with OAuth/PATs; include account context.,https://help.getharvest.com/api-v2/authentication-api/authentication/authentication/; https://help.getharvest.com/api-v2/introduction/overview/general/; https://support.getharvest.com/hc/en-us/articles/360048180732-The-Harvest-API,,,
81,Stripe,Finance & Fintech,"Payments, subscriptions and billing infrastructure",API key; OAuth2,Sandbox,Test keys/sandboxes support development; live payments require activation and business eligibility.,"REST; payments, customers, billing and refunds",Build,Production entitlement,Read sandbox customer data,Use a restricted Stripe test key to retrieve a seeded test customer; keep payment/refund actions outside the initial prototype.,Return the test-mode customer and verify the key's read scope; make no live financial mutations.,Compare Stripe's official MCP read tools with the required billing fields before introducing custom mutation tools.,Use restricted test keys and separate read tools from financial mutations.,https://docs.stripe.com/api/authentication?api-version=2025-08-27.basil; https://docs.stripe.com/testing?numbers-or-method-or-token=tokens,Official,"Customers, products and payment-related tools",https://github.com/mcp/com.stripe/mcp
82,Plaid,Finance & Fintech,Bank-account connectivity and financial data,API key; Token,Sandbox,Self-serve Sandbox keys; production approval and product access are separate.,"HTTP API; accounts, transactions, identity and payment-related products",Build,Production entitlement,Read sandbox transaction fixtures,Create a Plaid sandbox Item and use client_id/secret plus the sandbox access token to retrieve fixture transactions.,Return sandbox account/transaction data and document each credential's purpose without connecting a real bank.,Treat institution OAuth and developer authentication separately; production product approval is a later prerequisite.,Plaid's bank OAuth is not the same as developer API authentication with client_id/secret.,https://plaid.com/docs/sandbox/; https://plaid.com/docs/quickstart/; https://plaid.com/docs/api/,Official; partial,Dashboard developer tools; not blanket bank-data access,https://plaid.com/docs/resources/mcp/
83,Binance,Finance & Fintech,Cryptocurrency market and account services,API key; Signature,Account check,Public market data needs no key; private operations require signed keys and account/regional eligibility.,REST + WebSocket; market data and trading/account operations,Conditional,Production entitlement,Read public market data,Start with Binance's documented unsigned market-data read and separately verify regional/account eligibility for any private API scope.,Return a public price/order-book response; record that no signed account or trading action was tested.,Exclude trading from the assessment prototype; signed private operations require a separate credential and authorization review.,Separate unsigned read-only market data from signed private operations; do not perform transactions during evaluation.,https://developers.binance.com/en/docs/products/spot/rest-api,,,
84,Paygent Connect,Finance & Fintech,Payment integration named in assignment; identity unresolved,Unknown,Unresolved,Assignment gives no vendor URL; could not establish an unambiguous Paygent Connect product.,Unresolved; do not substitute generic NMI documentation,Investigate,Identity,Resolve the exact Paygent product,"Ask for the Paygent Connect vendor URL, API documentation and technical contact before selecting an auth method or endpoint.",Obtain an unambiguous product identity and a primary API source tied to that vendor.,An NMI-powered label alone is insufficient; request confirmation before using an NMI gateway contract.,"Request the exact vendor URL and API contact. NMI-powered is a hint, not evidence of Paygent's auth or access.",,,,
85,iPayX,Finance & Fintech,FX audit and payment-evidence service,API key; Token,Free,MCP docs offer 10 free audits/day and dashboard API keys; free REST entitlement remains unclear.,REST/OpenAPI; FX evidence and audit workflow; signed webhooks,Conditional,Conflicting docs,Validate the documented MCP route,Use iPayX's published MCP setup and ask the vendor to reconcile REST base-URL and payload conflicts before implementing REST calls.,Record the MCP tool list and allowance; obtain one confirmed REST request example if REST is required.,"Prefer the separately documented MCP path for evaluation, without assuming it resolves the conflicting REST contract.",Browser found conflicting REST base URLs and schemas; separate MCP docs explicitly document a free tier and test/live keys. Conditional until contract is reconciled.,https://www.ipayx.ai/docs/api; https://www.ipayx.ai/developers/sandbox; https://www.ipayx.ai/developers; https://www.ipayx.ai/docs/mcp-server,Official,Free MCP: 10 FX audits/day; paid forensic report. Contract inconsistencies across REST pages remain.,https://www.ipayx.ai/docs/mcp-server
86,QuickBooks,Finance & Fintech,Small-business accounting,OAuth2,Sandbox,Developer sandbox provided; production credentials and app assessment are a separate path.,"REST; accounting entities, invoices, payments and reports",Build,Approval,Read a sandbox invoice,"Create an Intuit developer sandbox company, authorize the Accounting API and retrieve a seeded invoice.",Return the invoice and realm ID; document token refresh and sandbox scope without touching Payments APIs.,Use a sandbox accounting workflow first; production customer authorization and app review remain separate.,"Use the Accounting API, not QuickBooks Payments documentation, for bookkeeping use cases.",https://developer.intuit.com/app/developer/qbo/docs/api/accounting/all-entities/journalentry; https://static.developer.intuit.com/resources/Intuit_App_Partner_Program_Guide.pdf,,,
87,Xero,Finance & Fintech,Cloud accounting and business finance,OAuth2,Free,Free developer account and starter path; connection/data-volume tiers govern scaling.,"REST; accounting, invoices, contacts and reports",Build,Production entitlement,Read a demo-company contact,Use Xero's developer/demo-company path to read a contact and verify current connection and data-egress allowances.,Return the contact with tenant context and record the applicable developer pricing limits.,Check the official MCP's authorization and connection model before assuming it avoids developer-platform limits.,"No basic API-key auth; 2026 developer pricing changed, so validate connection and egress limits.",https://developer.xero.com/faq/getting-started; https://developer.xero.com/documentation/getting-started-guide/; https://developer.xero.com/pricing,,,
88,Brex,Finance & Fintech,"Corporate cards, spending and financial operations",OAuth2; Token,Account check,Customer user token or partner OAuth; account eligibility and partner enablement need confirmation.,"REST; spend, expenses, payments and company operations",Conditional,Customer access,Read approved expense metadata,Confirm Brex customer/developer eligibility and read one test expense using an authorized token with documented expiry behavior.,Return the approved expense and token-lifetime constraints without enabling payment or card mutations.,Use partner OAuth for multi-customer access; request a test tenant rather than borrowing a personal customer token.,User tokens may expire after inactivity; use partner OAuth for multi-customer access.,https://developer.brex.com/docs/faq; https://developer.brex.com/guides/partner_authentication,Official,Role-controlled Brex account data,https://www.brex.com/support/using-brex-in-ai-apps
89,Ramp,Finance & Fintech,Corporate spend and expense management,OAuth2; Token,Sandbox,Documented sandbox; production capabilities can require developer access review.,"REST; users, transactions, expenses, cards and accounting",Build,Approval,Read a developer-sandbox transaction,Obtain Ramp sandbox access and read a fixture transaction with appropriate OAuth or token permissions.,Return the sandbox transaction and record the chosen credential path; do not perform financial actions.,Distinguish Ramp's documentation MCP from its account-data MCP before choosing which one can serve the workflow.,Developer MCP is documentation-only; distinguish it from Ramp's account-data MCP.,https://docs.ramp.com/developer-api/v1/api/users; https://docs.ramp.com/developer-api/v1/virtual-cards; https://docs.ramp.com/developer-api/v1/developer-mcp,Official,Account MCP distinct from unauthenticated developer-docs MCP,https://support.ramp.com/ramp-mcp
90,PitchBook,Finance & Fintech,Private-market company and investment intelligence,Unknown,Approval,Commercial API product marketed through sales; exact auth and license terms not publicly established here.,Data API advertised; endpoint breadth and auth unresolved,Investigate,Commercial access,Obtain the licensed API contract,"Request PitchBook's Data API licensing terms, authentication documentation, permitted datasets and a test-access option for a named research workflow.",Obtain a vendor-confirmed contract and sample schema; identify redistribution and usage restrictions.,Evaluate the Essential Connector only for its documented limited scope; do not present it as full Data API access.,Do not infer full API licensing from the separate limited Essential Connector.,https://pitchbook.com/products/direct-access-data/api; https://pitchbook.com/data,,,
91,NotebookLM,AI & Media,Source-grounded notebooks and research summaries,OAuth2; Token,Admin / paid,"Enterprise Google Cloud project, enabled API, IAM roles and product entitlement required.",REST enterprise notebook/source management; consumer API not assumed,Conditional,Admin,Read an enterprise notebook resource,"Confirm NotebookLM Enterprise tenant eligibility and IAM permissions, then inspect a test notebook/source resource through the enterprise API.",Return the enterprise resource identifier and document required project/tenant roles.,Do not extrapolate this to consumer NotebookLM; investigate that product separately if consumer automation is required.,The enterprise API is real; a blanket no-API verdict for all NotebookLM editions would be wrong.,https://docs.cloud.google.com/gemini/enterprise/notebooklm-enterprise/docs/set-up-notebooklm; https://docs.cloud.google.com/gemini/enterprise/notebooklm-enterprise/docs/api-notebooks,,,
92,Otter AI,AI & Media,Meeting transcription and summaries,API key; OAuth2,Paid,Public API is available to Enterprise workspaces; MCP availability follows a separate account/plan path.,Public API plus MCP; meeting/transcript access,Conditional,Subscription,Retrieve an authorized meeting transcript,"Confirm Otter REST API entitlement and MCP entitlement separately, then retrieve a meeting explicitly available to the test user.",Return the authorized transcript and record which plan/interface provided access.,Choose MCP only if its plan and meeting permissions cover the workflow; otherwise request the REST API enterprise route.,Do not recycle older no-public-API claims or assume MCP and REST share the same entitlement.,https://help.otter.ai/hc/en-us/articles/36130822688279-Otter-ai-Public-API; https://help.otter.ai/hc/en-us/articles/35287607569687-Otter-MCP-Server,Official,OAuth meeting access; API and MCP entitlements differ,https://help.otter.ai/hc/en-us/articles/35287607569687-Otter-MCP-Server
93,Fathom,AI & Media,AI meeting recording and summaries,API key; OAuth2,Account check,Developer guide supports API keys and public OAuth apps; plan entitlement requires verification.,"REST; meetings, summaries, transcripts and webhooks",Conditional,Plan check,Read a test meeting summary,Confirm Fathom meeting-product API access and retrieve one authorized test meeting's summary or transcript.,Return the meeting ID and permitted summary fields; record plan eligibility and webhook availability.,Use the documented meeting webhook to avoid polling when available; do not use Fathom Analytics documentation.,"Fathom meeting product, not the unrelated Fathom Analytics API.",https://developers.fathom.ai/index,,,
94,Consensus,AI & Media,Evidence-based scientific literature search,OAuth2; API key,Free,Self-serve keys on every plan; Free includes 30 shared API/MCP calls monthly. API keys use x-api-key.,REST search + MCP; scholarly search and evidence,Build,None,Run one scholarly search within the shared quota,Use Consensus's documented free API/MCP allowance for one narrow scholarly search with the required key header.,Return paper identifiers and evidence fields while recording remaining shared API/MCP quota.,Compare MCP search output with REST fields; do not assume separate free quotas for each interface.,Use current docs; API and MCP share quotas. Enterprise also supports bearer keys; no broad paid-only API gate.,https://docs.consensus.app/api-plans-and-access; https://docs.consensus.app/consensus-mcp,Official,Scientific search; OAuth or enterprise bearer key,https://docs.consensus.app/consensus-mcp
95,Reducto,AI & Media,Document parsing and structured extraction,API key,Account check,Self-managed API key in Studio; current free allowance not confirmed.,"REST/OpenAPI; parse, extract, split and document workflows",Conditional,Plan check,Inspect a small document-parsing job,"Confirm Reducto trial credits and submit an owned, non-sensitive test document to a bounded parse workflow after establishing the page cost.","Record job status and parsed fields against a small expected-output fixture, including any extraction errors.",Compare hosted MCP parsing controls with REST job options; page cost and parsing accuracy are separate acceptance checks.,Hosted MCP uses bearer API key; parsing quality and per-page cost need task-specific evaluation.,https://reducto.ai/developers; https://github.com/reductoai/mcp-server-reducto,Official,Document processing via hosted server or local wrapper,https://github.com/reductoai/mcp-server-reducto
96,Devin,AI & Media,Autonomous coding-agent sessions,API key; Token,Account check,Account/API credential required; current plan and usage entitlement need confirmation.,REST + MCP; sessions and agent execution,Conditional,Plan check,Inspect an existing Devin test session,Confirm Devin account/API allowance and use a current supported credential to inspect an existing test session without launching autonomous work.,"Return session metadata and document credential prefix, scope and execution-cost boundaries.","Keep new session creation disabled until a separate repository, permission and spending scope is agreed.",New cog_ credentials support MCP; legacy apk_ keys do not. Restrict execution scope and cost.,https://docs.devin.ai/es/api-reference/authentication,Official,New cog_ credentials; legacy API keys unsupported for MCP,https://docs.devin.ai/es/api-reference/authentication
97,higgsfield,AI & Media,AI image/video generation and creative workflows,OAuth2; Token,Paid,CLI/skills use account sign-in and plan credits; website free/unlimited generations do not transfer.,CLI + MCP; creative generation and assets; broad REST contract not established,Conditional,Subscription,Inspect creative assets through the documented CLI,"Confirm higgsfield account credits and CLI sign-in requirements, then inspect existing authorized asset metadata before generating content.",Record the actual CLI/MCP operation and account entitlement; avoid inventing a broad REST contract.,Use the official CLI/MCP flow first; capture an authorized asset-detail request only if a required read is missing.,No separate API key required for the documented CLI/MCP flow; charge against account credits.,https://higgsfield.ai/creator-hub/help-center/integrations/how-do-i-access-higgsfield-via-cli; https://higgsfield.ai/creator-hub/help-center/integrations/what-is-higgsfield-mcp,Official,Creative generation using account credits,https://higgsfield.ai/creator-hub/help-center/integrations/what-is-higgsfield-mcp
98,Mermaid CLI,AI & Media,Render Mermaid text into diagrams,None,Local,Open-source local CLI; Node/browser runtime required; no account credentials.,"CLI; diagrams to SVG, PNG or PDF, not a hosted REST service",Build,Runtime,Render a local diagram file,"Wrap Mermaid CLI with a fixed input directory, timeout and SVG output path, then render a small known diagram locally.",Produce a valid SVG and record the exit code; reject unexpected file paths and bound runtime.,Expose the subprocess directly as an agent tool; add an MCP wrapper only if the consuming agent requires that transport.,An agent-callable subprocess tool is sufficient; a native MCP server is not necessary.,https://github.com/mermaid-js/mermaid-cli,,,
99,YouTube Transcript,AI & Media,YouTube transcripts and discovery through TranscriptAPI,API key; OAuth2,Account check,API/MCP key and active plan; trial and zero-credit endpoint eligibility should be checked separately.,"REST + MCP; transcripts, videos, channels, search and playlists",Conditional,Subscription,Retrieve a transcript from TranscriptAPI,Confirm TranscriptAPI account allowance and retrieve one permitted test video's transcript using its documented key flow.,Return timed transcript segments and identify TranscriptAPI as the provider rather than Google.,Evaluate the vendor MCP for the same transcript workflow and document coverage/language limitations.,"This is TranscriptAPI, a third-party service, not a Google YouTube transcript endpoint.",https://transcriptapi.com/docs/mcp/; https://transcriptapi.com/blog/youtube-api-expansion-2026-09-17; https://transcriptapi.com/,Official (TranscriptAPI),Third-party YouTube transcript/discovery tools,https://transcriptapi.com/docs/mcp/
100,Grain,AI & Media,"Meeting recordings, notes and insights",Token; OAuth2,Trial,Business trial includes personal/workspace API and advanced MCP; paid-plan features vary.,"REST + MCP; recordings, transcripts, notes and workspace data",Build,Subscription,Read an authorized meeting recording,Use a Grain trial and confirm API versus basic/advanced MCP entitlement before retrieving one authorized test recording's metadata.,Return the recording ID and permitted transcript/notes fields; record trial and meeting-access limitations.,Choose the MCP tier only after comparing required transcript and workspace operations with its documented tool list.,Distinguish basic/advanced MCP and API plan entitlement; source meeting permissions still apply.,https://support.grain.com/en/articles/9253206-grain-business-trial; https://support.grain.com/en/articles/9253220-plans; https://developers.grain.com/mcp,Official,Meeting data; basic/advanced access depends on plan,https://developers.grain.com/mcp
